id,app,type,type_id,rep_points,rep_like_cache,cache_date
5042398,forums,pid,117573,2,"a:2:{s:10:""cache_data"";a:6:{s:3:""app"";s:6:""forums"";s:4:""type"";s:3:""pid"";s:2:""id"";s:6:""117573"";s:5:""count"";i:2;s:11:""memberNames"";a:2:{i:7600;a:2:{s:1:""n"";s:4:""Odin"";s:1:""s"";s:4:""odin"";}i:9304;a:2:{s:1:""n"";s:14:""TheWeissewolfe"";s:1:""s"";s:14:""theweissewolfe"";}}s:9:""memberIds"";a:2:{i:0;s:4:""7600"";i:1;s:4:""9304"";}}s:12:""cache_expire"";i:1458804537;}",1458718137
5679115,forums,pid,117576,0,"a:2:{s:10:""cache_data"";a:0:{}s:12:""cache_expire"";i:1458804537;}",1458718137
5679116,forums,pid,117577,2,"a:2:{s:10:""cache_data"";a:6:{s:3:""app"";s:6:""forums"";s:4:""type"";s:3:""pid"";s:2:""id"";s:6:""117577"";s:5:""count"";i:2;s:11:""memberNames"";a:2:{i:6249;a:2:{s:1:""n"";s:8:""The Yank"";s:1:""s"";s:8:""the-yank"";}i:9446;a:2:{s:1:""n"";s:8:""NotEqual"";s:1:""s"";s:8:""notequal"";}}s:9:""memberIds"";a:2:{i:0;s:4:""6249"";i:1;s:4:""9446"";}}s:12:""cache_expire"";i:1458804537;}",1458718137
5679117,forums,pid,117578,1,"a:2:{s:10:""cache_data"";a:6:{s:3:""app"";s:6:""forums"";s:4:""type"";s:3:""pid"";s:2:""id"";s:6:""117578"";s:5:""count"";i:1;s:11:""memberNames"";a:1:{i:1;a:2:{s:1:""n"";s:33:""ÐÐ»ÐµÐºÑÐ°Ð½Ð´Ñ€ Ð¡Ð»Ð°Ð²Ñ€Ð¾Ñ"";s:1:""s"";s:97:""%d0%b0%d0%bb%d0%b5%d0%ba%d1%81%d0%b0%d0%bd%d0%b4%d1%80-%d1%81%d0%bb%d0%b0%d0%b2%d1%80%d0%be%d1%81"";}}s:9:""memberIds"";a:1:{i:0;s:1:""1"";}}s:12:""cache_expire"";i:1458804537;}",1458718137
5679118,forums,pid,117582,0,"a:2:{s:10:""cache_data"";a:0:{}s:12:""cache_expire"";i:1458804537;}",1458718137
5679119,forums,pid,117681,0,"a:2:{s:10:""cache_data"";a:0:{}s:12:""cache_expire"";i:1458804537;}",1458718137
5679120,forums,pid,117682,0,"a:2:{s:10:""cache_data"";a:0:{}s:12:""cache_expire"";i:1458804537;}",1458718137
5679121,forums,pid,117695,0,"a:2:{s:10:""cache_data"";a:0:{}s:12:""cache_expire"";i:1458804537;}",1458718137
5679122,forums,pid,117702,0,"a:2:{s:10:""cache_data"";a:0:{}s:12:""cache_expire"";i:1458804537;}",1458718137
7758451,forums,pid,147580,5,"a:2:{s:10:""cache_data"";a:6:{s:3:""app"";s:6:""forums"";s:4:""type"";s:3:""pid"";s:2:""id"";s:6:""147580"";s:5:""count"";i:5;s:11:""memberNames"";a:5:{i:1558;a:2:{s:1:""n"";s:8:""Noidberg"";s:1:""s"";s:8:""noidberg"";}i:4873;a:2:{s:1:""n"";s:7:""Rintrah"";s:1:""s"";s:7:""rintrah"";}i:9673;a:2:{s:1:""n"";s:11:""Organic Man"";s:1:""s"";s:11:""organic-man"";}i:9910;a:2:{s:1:""n"";s:12:""BlÃ¶der Igel"";s:1:""s"";s:16:""bl%c3%b6der-igel"";}i:9939;a:2:{s:1:""n"";s:7:""Anglisc"";s:1:""s"";s:7:""anglisc"";}}s:9:""memberIds"";a:5:{i:0;s:4:""1558"";i:1;s:4:""4873"";i:2;s:4:""9673"";i:3;s:4:""9910"";i:4;s:4:""9939"";}}s:12:""cache_expire"";i:1458714275;}",1458627875
7758497,forums,pid,147581,1,"a:2:{s:10:""cache_data"";a:6:{s:3:""app"";s:6:""forums"";s:4:""type"";s:3:""pid"";s:2:""id"";s:6:""147581"";s:5:""count"";i:1;s:11:""memberNames"";a:1:{i:9950;a:2:{s:1:""n"";s:7:""Schmiss"";s:1:""s"";s:7:""schmiss"";}}s:9:""memberIds"";a:1:{i:0;s:4:""9950"";}}s:12:""cache_expire"";i:1458714275;}",1458627875
7758564,forums,pid,147582,0,"a:2:{s:10:""cache_data"";a:0:{}s:12:""cache_expire"";i:1458714275;}",1458627875
7758626,forums,pid,147587,0,"a:2:{s:10:""cache_data"";a:0:{}s:12:""cache_expire"";i:1458714275;}",1458627875
7759563,forums,pid,147601,0,"a:2:{s:10:""cache_data"";a:0:{}s:12:""cache_expire"";i:1458714275;}",1458627875
7759625,forums,pid,147603,4,"a:2:{s:10:""cache_data"";a:6:{s:3:""app"";s:6:""forums"";s:4:""type"";s:3:""pid"";s:2:""id"";s:6:""147603"";s:5:""count"";i:4;s:11:""memberNames"";a:4:{i:9634;a:2:{s:1:""n"";s:15:""GladiumSpiritus"";s:1:""s"";s:15:""gladiumspiritus"";}i:9673;a:2:{s:1:""n"";s:11:""Organic Man"";s:1:""s"";s:11:""organic-man"";}i:9939;a:2:{s:1:""n"";s:7:""Anglisc"";s:1:""s"";s:7:""anglisc"";}i:9950;a:2:{s:1:""n"";s:7:""Schmiss"";s:1:""s"";s:7:""schmiss"";}}s:9:""memberIds"";a:4:{i:0;s:4:""9634"";i:1;s:4:""9673"";i:2;s:4:""9939"";i:3;s:4:""9950"";}}s:12:""cache_expire"";i:1458714275;}",1458627875
7759709,forums,pid,147606,1,"a:2:{s:10:""cache_data"";a:6:{s:3:""app"";s:6:""forums"";s:4:""type"";s:3:""pid"";s:2:""id"";s:6:""147606"";s:5:""count"";i:1;s:11:""memberNames"";a:1:{i:9950;a:2:{s:1:""n"";s:7:""Schmiss"";s:1:""s"";s:7:""schmiss"";}}s:9:""memberIds"";a:1:{i:0;s:4:""9950"";}}s:12:""cache_expire"";i:1458714275;}",1458627875
7759809,forums,pid,147607,1,"a:2:{s:10:""cache_data"";a:6:{s:3:""app"";s:6:""forums"";s:4:""type"";s:3:""pid"";s:2:""id"";s:6:""147607"";s:5:""count"";i:1;s:11:""memberNames"";a:1:{i:9950;a:2:{s:1:""n"";s:7:""Schmiss"";s:1:""s"";s:7:""schmiss"";}}s:9:""memberIds"";a:1:{i:0;s:4:""9950"";}}s:12:""cache_expire"";i:1458714275;}",1458627875
7759920,forums,pid,147609,0,"a:2:{s:10:""cache_data"";a:0:{}s:12:""cache_expire"";i:1458714275;}",1458627875
7761910,forums,pid,147628,1,"a:2:{s:10:""cache_data"";a:6:{s:3:""app"";s:6:""forums"";s:4:""type"";s:3:""pid"";s:2:""id"";s:6:""147628"";s:5:""count"";i:1;s:11:""memberNames"";a:1:{i:9950;a:2:{s:1:""n"";s:7:""Schmiss"";s:1:""s"";s:7:""schmiss"";}}s:9:""memberIds"";a:1:{i:0;s:4:""9950"";}}s:12:""cache_expire"";i:1458714275;}",1458627875
7763363,forums,pid,147641,0,"a:2:{s:10:""cache_data"";a:0:{}s:12:""cache_expire"";i:1458714275;}",1458627875
7763367,forums,pid,147645,0,"a:2:{s:10:""cache_data"";a:0:{}s:12:""cache_expire"";i:1458714275;}",1458627875
7763439,forums,pid,147646,0,"a:2:{s:10:""cache_data"";a:0:{}s:12:""cache_expire"";i:1458714275;}",1458627875
7771299,forums,pid,147725,0,"a:2:{s:10:""cache_data"";a:0:{}s:12:""cache_expire"";i:1458714275;}",1458627875
7771344,forums,pid,147727,2,"a:2:{s:10:""cache_data"";a:6:{s:3:""app"";s:6:""forums"";s:4:""type"";s:3:""pid"";s:2:""id"";s:6:""147727"";s:5:""count"";i:2;s:11:""memberNames"";a:2:{i:9888;a:2:{s:1:""n"";s:8:""tuberose"";s:1:""s"";s:8:""tuberose"";}i:9939;a:2:{s:1:""n"";s:7:""Anglisc"";s:1:""s"";s:7:""anglisc"";}}s:9:""memberIds"";a:2:{i:0;s:4:""9888"";i:1;s:4:""9939"";}}s:12:""cache_expire"";i:1458714275;}",1458627875
7773280,forums,pid,147754,1,"a:2:{s:10:""cache_data"";a:6:{s:3:""app"";s:6:""forums"";s:4:""type"";s:3:""pid"";s:2:""id"";s:6:""147754"";s:5:""count"";i:1;s:11:""memberNames"";a:1:{i:9950;a:2:{s:1:""n"";s:7:""Schmiss"";s:1:""s"";s:7:""schmiss"";}}s:9:""memberIds"";a:1:{i:0;s:4:""9950"";}}s:12:""cache_expire"";i:1458714275;}",1458627875
7779124,forums,pid,147813,1,"a:2:{s:10:""cache_data"";a:6:{s:3:""app"";s:6:""forums"";s:4:""type"";s:3:""pid"";s:2:""id"";s:6:""147813"";s:5:""count"";i:1;s:11:""memberNames"";a:1:{i:9950;a:2:{s:1:""n"";s:7:""Schmiss"";s:1:""s"";s:7:""schmiss"";}}s:9:""memberIds"";a:1:{i:0;s:4:""9950"";}}s:12:""cache_expire"";i:1458714275;}",1458627875
7779404,forums,pid,147814,1,"a:2:{s:10:""cache_data"";a:6:{s:3:""app"";s:6:""forums"";s:4:""type"";s:3:""pid"";s:2:""id"";s:6:""147814"";s:5:""count"";i:1;s:11:""memberNames"";a:1:{i:1558;a:2:{s:1:""n"";s:8:""Noidberg"";s:1:""s"";s:8:""noidberg"";}}s:9:""memberIds"";a:1:{i:0;s:4:""1558"";}}s:12:""cache_expire"";i:1458714275;}",1458627875
7779455,forums,pid,147815,0,"a:2:{s:10:""cache_data"";a:0:{}s:12:""cache_expire"";i:1458714275;}",1458627875
7779522,forums,pid,147816,1,"a:2:{s:10:""cache_data"";a:6:{s:3:""app"";s:6:""forums"";s:4:""type"";s:3:""pid"";s:2:""id"";s:6:""147816"";s:5:""count"";i:1;s:11:""memberNames"";a:1:{i:9950;a:2:{s:1:""n"";s:7:""Schmiss"";s:1:""s"";s:7:""schmiss"";}}s:9:""memberIds"";a:1:{i:0;s:4:""9950"";}}s:12:""cache_expire"";i:1458714275;}",1458627875
7780784,forums,pid,147822,0,"a:2:{s:10:""cache_data"";a:0:{}s:12:""cache_expire"";i:1458714276;}",1458627876
7781318,forums,pid,147828,0,"a:2:{s:10:""cache_data"";a:0:{}s:12:""cache_expire"";i:1458714276;}",1458627876
7781411,forums,pid,147832,0,"a:2:{s:10:""cache_data"";a:0:{}s:12:""cache_expire"";i:1458714276;}",1458627876
7781423,forums,pid,147834,0,"a:2:{s:10:""cache_data"";a:0:{}s:12:""cache_expire"";i:1458714276;}",1458627876
7816420,forums,pid,148169,0,"a:2:{s:10:""cache_data"";a:0:{}s:12:""cache_expire"";i:1458714276;}",1458627876
7820577,forums,pid,105428,11,"a:2:{s:10:""cache_data"";a:6:{s:3:""app"";s:6:""forums"";s:4:""type"";s:3:""pid"";s:2:""id"";s:6:""105428"";s:5:""count"";i:11;s:11:""memberNames"";a:5:{i:68;a:2:{s:1:""n"";s:9:""Iron Will"";s:1:""s"";s:9:""iron-will"";}i:125;a:2:{s:1:""n"";s:8:""darkwood"";s:1:""s"";s:8:""darkwood"";}i:131;a:2:{s:1:""n"";s:11:""Confederate"";s:1:""s"";s:11:""confederate"";}i:1558;a:2:{s:1:""n"";s:8:""Noidberg"";s:1:""s"";s:8:""noidberg"";}i:4873;a:2:{s:1:""n"";s:7:""Rintrah"";s:1:""s"";s:7:""rintrah"";}}s:9:""memberIds"";a:11:{i:0;s:2:""68"";i:1;s:3:""125"";i:2;s:3:""131"";i:3;s:4:""1558"";i:4;s:4:""4873"";i:5;s:4:""7405"";i:6;s:4:""7508"";i:7;s:4:""7719"";i:8;s:4:""7816"";i:9;s:4:""7875"";i:10;s:4:""8310"";}}s:12:""cache_expire"";i:1458806981;}",1458720581
7820578,forums,pid,99058,8,"a:2:{s:10:""cache_data"";a:6:{s:3:""app"";s:6:""forums"";s:4:""type"";s:3:""pid"";s:2:""id"";s:5:""99058"";s:5:""count"";i:8;s:11:""memberNames"";a:5:{i:293;a:2:{s:1:""n"";s:11:""â˜§ â˜§ â˜§"";s:1:""s"";s:29:""%e2%98%a7-%e2%98%a7-%e2%98%a7"";}i:7346;a:2:{s:1:""n"";s:10:""thecolonel"";s:1:""s"";s:10:""thecolonel"";}i:7424;a:2:{s:1:""n"";s:4:""Bear"";s:1:""s"";s:4:""bear"";}i:7481;a:2:{s:1:""n"";s:19:""Â¡VIVA LA RAZA&#33;"";s:1:""s"";s:18:""%c2%a1viva-la-raza"";}i:7600;a:2:{s:1:""n"";s:4:""Odin"";s:1:""s"";s:4:""odin"";}}s:9:""memberIds"";a:8:{i:0;s:3:""293"";i:1;s:4:""7346"";i:2;s:4:""7424"";i:3;s:4:""7481"";i:4;s:4:""7600"";i:5;s:4:""7719"";i:6;s:4:""7875"";i:7;s:4:""7903"";}}s:12:""cache_expire"";i:1458818950;}",1458732550
7820579,forums,pid,99061,0,"a:2:{s:10:""cache_data"";a:0:{}s:12:""cache_expire"";i:1458818950;}",1458732550
7820580,forums,pid,99067,0,"a:2:{s:10:""cache_data"";a:0:{}s:12:""cache_expire"";i:1458818950;}",1458732550
7820581,forums,pid,99071,0,"a:2:{s:10:""cache_data"";a:0:{}s:12:""cache_expire"";i:1458818950;}",1458732550
7820582,forums,pid,99072,0,"a:2:{s:10:""cache_data"";a:0:{}s:12:""cache_expire"";i:1458818950;}",1458732550
7820583,forums,pid,99074,0,"a:2:{s:10:""cache_data"";a:0:{}s:12:""cache_expire"";i:1458818950;}",1458732550
7820584,forums,pid,99075,0,"a:2:{s:10:""cache_data"";a:0:{}s:12:""cache_expire"";i:1458818950;}",1458732550
7820585,forums,pid,99076,0,"a:2:{s:10:""cache_data"";a:0:{}s:12:""cache_expire"";i:1458818950;}",1458732550
7820586,forums,pid,99077,0,"a:2:{s:10:""cache_data"";a:0:{}s:12:""cache_expire"";i:1458818950;}",1458732550
7820587,forums,pid,99084,1,"a:2:{s:10:""cache_data"";a:6:{s:3:""app"";s:6:""forums"";s:4:""type"";s:3:""pid"";s:2:""id"";s:5:""99084"";s:5:""count"";i:1;s:11:""memberNames"";a:1:{i:7481;a:2:{s:1:""n"";s:19:""Â¡VIVA LA RAZA&#33;"";s:1:""s"";s:18:""%c2%a1viva-la-raza"";}}s:9:""memberIds"";a:1:{i:0;s:4:""7481"";}}s:12:""cache_expire"";i:1458818950;}",1458732550
7820588,forums,pid,99094,0,"a:2:{s:10:""cache_data"";a:0:{}s:12:""cache_expire"";i:1458818950;}",1458732550
7820589,forums,pid,99097,0,"a:2:{s:10:""cache_data"";a:0:{}s:12:""cache_expire"";i:1458818950;}",1458732550
7820590,forums,pid,99099,0,"a:2:{s:10:""cache_data"";a:0:{}s:12:""cache_expire"";i:1458818950;}",1458732550
7820591,forums,pid,99101,0,"a:2:{s:10:""cache_data"";a:0:{}s:12:""cache_expire"";i:1458818950;}",1458732550
7820592,forums,pid,99107,0,"a:2:{s:10:""cache_data"";a:0:{}s:12:""cache_expire"";i:1458818950;}",1458732550
7820593,forums,pid,99109,0,"a:2:{s:10:""cache_data"";a:0:{}s:12:""cache_expire"";i:1458818950;}",1458732550
7820594,forums,pid,99118,0,"a:2:{s:10:""cache_data"";a:0:{}s:12:""cache_expire"";i:1458818950;}",1458732550
7820595,forums,pid,99125,0,"a:2:{s:10:""cache_data"";a:0:{}s:12:""cache_expire"";i:1458818950;}",1458732550
7820596,forums,pid,99126,2,"a:2:{s:10:""cache_data"";a:6:{s:3:""app"";s:6:""forums"";s:4:""type"";s:3:""pid"";s:2:""id"";s:5:""99126"";s:5:""count"";i:2;s:11:""memberNames"";a:2:{i:293;a:2:{s:1:""n"";s:11:""â˜§ â˜§ â˜§"";s:1:""s"";s:29:""%e2%98%a7-%e2%98%a7-%e2%98%a7"";}i:7504;a:2:{s:1:""n"";s:6:""Krsnik"";s:1:""s"";s:6:""krsnik"";}}s:9:""memberIds"";a:2:{i:0;s:3:""293"";i:1;s:4:""7504"";}}s:12:""cache_expire"";i:1458818950;}",1458732550
7820597,forums,pid,99128,0,"a:2:{s:10:""cache_data"";a:0:{}s:12:""cache_expire"";i:1458818950;}",1458732550
