admin_id,admin_ip_address,admin_username,admin_time,admin_success,admin_post_details
5420,5.228.77.158,"Alexander Slavros",1453997047,1,"a:2:{s:3:""get"";a:4:{s:6:""adsess"";s:0:"""";s:3:""app"";s:4:""core"";s:6:""module"";s:5:""login"";s:2:""do"";s:14:""login-complete"";}s:4:""post"";a:3:{s:7:""qstring"";s:0:"""";s:8:""username"";s:17:""Alexander Slavros"";s:8:""password"";s:22:""*********************1"";}}"
5421,5.228.77.158,"Alexander Slavros",1454048539,1,"a:2:{s:3:""get"";a:4:{s:6:""adsess"";s:0:"""";s:3:""app"";s:4:""core"";s:6:""module"";s:5:""login"";s:2:""do"";s:14:""login-complete"";}s:4:""post"";a:3:{s:7:""qstring"";s:0:"""";s:8:""username"";s:17:""Alexander Slavros"";s:8:""password"";s:22:""*********************1"";}}"
5422,5.228.77.158,"Alexander Slavros",1454348157,1,"a:2:{s:3:""get"";a:4:{s:6:""adsess"";s:0:"""";s:3:""app"";s:4:""core"";s:6:""module"";s:5:""login"";s:2:""do"";s:14:""login-complete"";}s:4:""post"";a:3:{s:7:""qstring"";s:0:"""";s:8:""username"";s:17:""Alexander Slavros"";s:8:""password"";s:22:""*********************1"";}}"
5423,5.228.77.158,"Alexander Slavros",1454358209,1,"a:2:{s:3:""get"";a:4:{s:6:""adsess"";s:0:"""";s:3:""app"";s:4:""core"";s:6:""module"";s:5:""login"";s:2:""do"";s:14:""login-complete"";}s:4:""post"";a:3:{s:7:""qstring"";s:0:"""";s:8:""username"";s:17:""Alexander Slavros"";s:8:""password"";s:22:""*********************1"";}}"
5424,5.228.77.158,"Alexander Slavros",1454365590,1,"a:2:{s:3:""get"";a:4:{s:6:""adsess"";s:0:"""";s:3:""app"";s:4:""core"";s:6:""module"";s:5:""login"";s:2:""do"";s:14:""login-complete"";}s:4:""post"";a:3:{s:7:""qstring"";s:0:"""";s:8:""username"";s:17:""Alexander Slavros"";s:8:""password"";s:22:""*********************1"";}}"
5425,5.228.77.158,"Alexander Slavros",1454431313,1,"a:2:{s:3:""get"";a:4:{s:6:""adsess"";s:0:"""";s:3:""app"";s:4:""core"";s:6:""module"";s:5:""login"";s:2:""do"";s:14:""login-complete"";}s:4:""post"";a:3:{s:7:""qstring"";s:0:"""";s:8:""username"";s:17:""Alexander Slavros"";s:8:""password"";s:22:""*********************1"";}}"
5426,5.228.77.158,"Alexander Slavros",1454431841,1,"a:2:{s:3:""get"";a:4:{s:6:""adsess"";s:0:"""";s:3:""app"";s:4:""core"";s:6:""module"";s:5:""login"";s:2:""do"";s:14:""login-complete"";}s:4:""post"";a:3:{s:7:""qstring"";s:0:"""";s:8:""username"";s:17:""Alexander Slavros"";s:8:""password"";s:22:""*********************1"";}}"
5427,5.228.77.158,"Alexander Slavros",1454653097,1,"a:2:{s:3:""get"";a:4:{s:6:""adsess"";s:0:"""";s:3:""app"";s:4:""core"";s:6:""module"";s:5:""login"";s:2:""do"";s:14:""login-complete"";}s:4:""post"";a:3:{s:7:""qstring"";s:0:"""";s:8:""username"";s:17:""Alexander Slavros"";s:8:""password"";s:22:""*********************1"";}}"
5428,5.228.77.158,"Alexander Slavros",1454834962,1,"a:2:{s:3:""get"";a:4:{s:6:""adsess"";s:0:"""";s:3:""app"";s:4:""core"";s:6:""module"";s:5:""login"";s:2:""do"";s:14:""login-complete"";}s:4:""post"";a:3:{s:7:""qstring"";s:0:"""";s:8:""username"";s:17:""Alexander Slavros"";s:8:""password"";s:22:""*********************1"";}}"
5429,5.228.77.158,"Alexander Slavros",1454948571,1,"a:2:{s:3:""get"";a:4:{s:6:""adsess"";s:0:"""";s:3:""app"";s:4:""core"";s:6:""module"";s:5:""login"";s:2:""do"";s:14:""login-complete"";}s:4:""post"";a:3:{s:7:""qstring"";s:0:"""";s:8:""username"";s:17:""Alexander Slavros"";s:8:""password"";s:22:""*********************1"";}}"
5430,5.228.77.158,"Alexander Slavros",1454960311,1,"a:2:{s:3:""get"";a:4:{s:6:""adsess"";s:0:"""";s:3:""app"";s:4:""core"";s:6:""module"";s:5:""login"";s:2:""do"";s:14:""login-complete"";}s:4:""post"";a:3:{s:7:""qstring"";s:0:"""";s:8:""username"";s:17:""Alexander Slavros"";s:8:""password"";s:22:""*********************1"";}}"
5431,5.228.77.158,"Alexander Slavros",1455108340,1,"a:2:{s:3:""get"";a:4:{s:6:""adsess"";s:0:"""";s:3:""app"";s:4:""core"";s:6:""module"";s:5:""login"";s:2:""do"";s:14:""login-complete"";}s:4:""post"";a:3:{s:7:""qstring"";s:0:"""";s:8:""username"";s:17:""Alexander Slavros"";s:8:""password"";s:22:""*********************1"";}}"
5432,5.228.77.158,"Alexander Slavros",1455478921,1,"a:2:{s:3:""get"";a:4:{s:6:""adsess"";s:0:"""";s:3:""app"";s:4:""core"";s:6:""module"";s:5:""login"";s:2:""do"";s:14:""login-complete"";}s:4:""post"";a:3:{s:7:""qstring"";s:0:"""";s:8:""username"";s:17:""Alexander Slavros"";s:8:""password"";s:22:""*********************1"";}}"
5433,5.228.77.158,"Alexander Slavros",1455558225,1,"a:2:{s:3:""get"";a:4:{s:6:""adsess"";s:0:"""";s:3:""app"";s:4:""core"";s:6:""module"";s:5:""login"";s:2:""do"";s:14:""login-complete"";}s:4:""post"";a:3:{s:7:""qstring"";s:0:"""";s:8:""username"";s:17:""Alexander Slavros"";s:8:""password"";s:22:""*********************1"";}}"
5434,5.228.77.158,"Alexander Slavros",1455625392,1,"a:2:{s:3:""get"";a:4:{s:6:""adsess"";s:0:"""";s:3:""app"";s:4:""core"";s:6:""module"";s:5:""login"";s:2:""do"";s:14:""login-complete"";}s:4:""post"";a:3:{s:7:""qstring"";s:0:"""";s:8:""username"";s:17:""Alexander Slavros"";s:8:""password"";s:22:""*********************1"";}}"
5435,5.228.77.158,"Alexander Slavros",1455630442,1,"a:2:{s:3:""get"";a:4:{s:6:""adsess"";s:0:"""";s:3:""app"";s:4:""core"";s:6:""module"";s:5:""login"";s:2:""do"";s:14:""login-complete"";}s:4:""post"";a:3:{s:7:""qstring"";s:0:"""";s:8:""username"";s:17:""Alexander Slavros"";s:8:""password"";s:22:""*********************1"";}}"
5436,5.228.77.158,"Alexander Slavros",1455641787,1,"a:2:{s:3:""get"";a:4:{s:6:""adsess"";s:0:"""";s:3:""app"";s:4:""core"";s:6:""module"";s:5:""login"";s:2:""do"";s:14:""login-complete"";}s:4:""post"";a:3:{s:7:""qstring"";s:0:"""";s:8:""username"";s:17:""Alexander Slavros"";s:8:""password"";s:22:""*********************1"";}}"
5437,5.228.77.158,"Alexander Slavros",1455663780,1,"a:2:{s:3:""get"";a:4:{s:6:""adsess"";s:0:"""";s:3:""app"";s:4:""core"";s:6:""module"";s:5:""login"";s:2:""do"";s:14:""login-complete"";}s:4:""post"";a:3:{s:7:""qstring"";s:0:"""";s:8:""username"";s:17:""Alexander Slavros"";s:8:""password"";s:22:""*********************1"";}}"
5438,5.228.77.158,"Alexander Slavros",1455876352,1,"a:2:{s:3:""get"";a:4:{s:6:""adsess"";s:0:"""";s:3:""app"";s:4:""core"";s:6:""module"";s:5:""login"";s:2:""do"";s:14:""login-complete"";}s:4:""post"";a:3:{s:7:""qstring"";s:0:"""";s:8:""username"";s:17:""Alexander Slavros"";s:8:""password"";s:22:""*********************1"";}}"
5439,5.228.77.158,"Alexander Slavros",1456076220,1,"a:2:{s:3:""get"";a:4:{s:6:""adsess"";s:0:"""";s:3:""app"";s:4:""core"";s:6:""module"";s:5:""login"";s:2:""do"";s:14:""login-complete"";}s:4:""post"";a:3:{s:7:""qstring"";s:0:"""";s:8:""username"";s:17:""Alexander Slavros"";s:8:""password"";s:22:""*********************1"";}}"
5440,5.228.77.158,"Alexander Slavros",1456167038,1,"a:2:{s:3:""get"";a:4:{s:6:""adsess"";s:0:"""";s:3:""app"";s:4:""core"";s:6:""module"";s:5:""login"";s:2:""do"";s:14:""login-complete"";}s:4:""post"";a:3:{s:7:""qstring"";s:0:"""";s:8:""username"";s:17:""Alexander Slavros"";s:8:""password"";s:22:""*********************1"";}}"
5441,185.130.5.214,admin,1456339091,0,"a:2:{s:3:""get"";a:4:{s:6:""adsess"";s:0:"""";s:3:""app"";s:4:""core"";s:6:""module"";s:5:""login"";s:2:""do"";s:14:""login-complete"";}s:4:""post"";a:3:{s:8:""username"";s:5:""admin"";s:8:""password"";s:5:""****n"";s:7:""qstring"";s:0:"""";}}"
5442,5.228.77.158,"Alexander Slavros",1456435679,1,"a:2:{s:3:""get"";a:4:{s:6:""adsess"";s:0:"""";s:3:""app"";s:4:""core"";s:6:""module"";s:5:""login"";s:2:""do"";s:14:""login-complete"";}s:4:""post"";a:3:{s:7:""qstring"";s:0:"""";s:8:""username"";s:17:""Alexander Slavros"";s:8:""password"";s:22:""*********************1"";}}"
5443,5.228.77.158,"Alexander Slavros",1456612599,1,"a:2:{s:3:""get"";a:4:{s:6:""adsess"";s:0:"""";s:3:""app"";s:4:""core"";s:6:""module"";s:5:""login"";s:2:""do"";s:14:""login-complete"";}s:4:""post"";a:3:{s:7:""qstring"";s:0:"""";s:8:""username"";s:17:""Alexander Slavros"";s:8:""password"";s:22:""*********************1"";}}"
5444,5.228.77.158,"Alexander Slavros",1456779439,1,"a:2:{s:3:""get"";a:4:{s:6:""adsess"";s:0:"""";s:3:""app"";s:4:""core"";s:6:""module"";s:5:""login"";s:2:""do"";s:14:""login-complete"";}s:4:""post"";a:3:{s:7:""qstring"";s:0:"""";s:8:""username"";s:17:""Alexander Slavros"";s:8:""password"";s:22:""*********************1"";}}"
5445,5.228.77.158,"Alexander Slavros",1456781592,1,"a:2:{s:3:""get"";a:4:{s:6:""adsess"";s:0:"""";s:3:""app"";s:4:""core"";s:6:""module"";s:5:""login"";s:2:""do"";s:14:""login-complete"";}s:4:""post"";a:3:{s:7:""qstring"";s:0:"""";s:8:""username"";s:17:""Alexander Slavros"";s:8:""password"";s:22:""*********************1"";}}"
5446,5.228.77.158,"Alexander Slavros",1456784277,1,"a:2:{s:3:""get"";a:4:{s:6:""adsess"";s:0:"""";s:3:""app"";s:4:""core"";s:6:""module"";s:5:""login"";s:2:""do"";s:14:""login-complete"";}s:4:""post"";a:3:{s:7:""qstring"";s:0:"""";s:8:""username"";s:17:""Alexander Slavros"";s:8:""password"";s:22:""*********************1"";}}"
5447,5.228.77.158,"Alexander Slavros",1456812578,1,"a:2:{s:3:""get"";a:4:{s:6:""adsess"";s:0:"""";s:3:""app"";s:4:""core"";s:6:""module"";s:5:""login"";s:2:""do"";s:14:""login-complete"";}s:4:""post"";a:3:{s:7:""qstring"";s:0:"""";s:8:""username"";s:17:""Alexander Slavros"";s:8:""password"";s:22:""*********************1"";}}"
5448,5.228.77.158,"Alexander Slavros",1457128179,1,"a:2:{s:3:""get"";a:4:{s:6:""adsess"";s:0:"""";s:3:""app"";s:4:""core"";s:6:""module"";s:5:""login"";s:2:""do"";s:14:""login-complete"";}s:4:""post"";a:3:{s:7:""qstring"";s:0:"""";s:8:""username"";s:17:""Alexander Slavros"";s:8:""password"";s:22:""*********************1"";}}"
5449,5.228.77.158,"Alexander Slavros",1457381488,1,"a:2:{s:3:""get"";a:4:{s:6:""adsess"";s:0:"""";s:3:""app"";s:4:""core"";s:6:""module"";s:5:""login"";s:2:""do"";s:14:""login-complete"";}s:4:""post"";a:3:{s:7:""qstring"";s:0:"""";s:8:""username"";s:17:""Alexander Slavros"";s:8:""password"";s:22:""*********************1"";}}"
5450,5.228.77.158,"Alexander Slavros",1457415971,1,"a:2:{s:3:""get"";a:4:{s:6:""adsess"";s:0:"""";s:3:""app"";s:4:""core"";s:6:""module"";s:5:""login"";s:2:""do"";s:14:""login-complete"";}s:4:""post"";a:3:{s:7:""qstring"";s:0:"""";s:8:""username"";s:17:""Alexander Slavros"";s:8:""password"";s:22:""*********************1"";}}"
5451,5.228.77.158,"Alexander Slavros",1457994366,1,"a:2:{s:3:""get"";a:4:{s:6:""adsess"";s:0:"""";s:3:""app"";s:4:""core"";s:6:""module"";s:5:""login"";s:2:""do"";s:14:""login-complete"";}s:4:""post"";a:3:{s:7:""qstring"";s:0:"""";s:8:""username"";s:17:""Alexander Slavros"";s:8:""password"";s:22:""*********************1"";}}"
5452,5.228.77.158,"Alexander Slavros",1458213607,1,"a:2:{s:3:""get"";a:4:{s:6:""adsess"";s:0:"""";s:3:""app"";s:4:""core"";s:6:""module"";s:5:""login"";s:2:""do"";s:14:""login-complete"";}s:4:""post"";a:3:{s:7:""qstring"";s:0:"""";s:8:""username"";s:17:""Alexander Slavros"";s:8:""password"";s:22:""*********************1"";}}"
5453,5.228.77.158,"Alexander Slavros",1458229536,1,"a:2:{s:3:""get"";a:4:{s:6:""adsess"";s:0:"""";s:3:""app"";s:4:""core"";s:6:""module"";s:5:""login"";s:2:""do"";s:14:""login-complete"";}s:4:""post"";a:3:{s:7:""qstring"";s:0:"""";s:8:""username"";s:17:""Alexander Slavros"";s:8:""password"";s:22:""*********************1"";}}"
5454,5.228.77.158,"Alexander Slavros",1458303720,1,"a:2:{s:3:""get"";a:4:{s:6:""adsess"";s:0:"""";s:3:""app"";s:4:""core"";s:6:""module"";s:5:""login"";s:2:""do"";s:14:""login-complete"";}s:4:""post"";a:3:{s:7:""qstring"";s:0:"""";s:8:""username"";s:17:""Alexander Slavros"";s:8:""password"";s:22:""*********************1"";}}"
5455,5.228.77.158,"Alexander Slavros",1458305032,1,"a:2:{s:3:""get"";a:4:{s:6:""adsess"";s:0:"""";s:3:""app"";s:4:""core"";s:6:""module"";s:5:""login"";s:2:""do"";s:14:""login-complete"";}s:4:""post"";a:3:{s:7:""qstring"";s:0:"""";s:8:""username"";s:17:""Alexander Slavros"";s:8:""password"";s:22:""*********************1"";}}"
5456,5.228.77.158,"Alexander Slavros",1458306329,1,"a:2:{s:3:""get"";a:4:{s:6:""adsess"";s:0:"""";s:3:""app"";s:4:""core"";s:6:""module"";s:5:""login"";s:2:""do"";s:14:""login-complete"";}s:4:""post"";a:3:{s:7:""qstring"";s:0:"""";s:8:""username"";s:17:""Alexander Slavros"";s:8:""password"";s:22:""*********************1"";}}"
5457,5.228.77.158,"Alexander Slavros",1458306400,1,"a:2:{s:3:""get"";a:4:{s:6:""adsess"";s:0:"""";s:3:""app"";s:4:""core"";s:6:""module"";s:5:""login"";s:2:""do"";s:14:""login-complete"";}s:4:""post"";a:3:{s:7:""qstring"";s:0:"""";s:8:""username"";s:17:""Alexander Slavros"";s:8:""password"";s:22:""*********************1"";}}"
5458,5.228.77.158,"Alexander Slavros",1458455693,1,"a:2:{s:3:""get"";a:4:{s:6:""adsess"";s:0:"""";s:3:""app"";s:4:""core"";s:6:""module"";s:5:""login"";s:2:""do"";s:14:""login-complete"";}s:4:""post"";a:3:{s:7:""qstring"";s:0:"""";s:8:""username"";s:17:""Alexander Slavros"";s:8:""password"";s:22:""*********************1"";}}"
5459,5.228.77.158,"Alexander Slavros",1458557592,1,"a:2:{s:3:""get"";a:4:{s:6:""adsess"";s:0:"""";s:3:""app"";s:4:""core"";s:6:""module"";s:5:""login"";s:2:""do"";s:14:""login-complete"";}s:4:""post"";a:3:{s:7:""qstring"";s:0:"""";s:8:""username"";s:17:""Alexander Slavros"";s:8:""password"";s:22:""*********************1"";}}"
5460,5.228.77.158,"Alexander Slavros",1458568304,1,"a:2:{s:3:""get"";a:4:{s:6:""adsess"";s:0:"""";s:3:""app"";s:4:""core"";s:6:""module"";s:5:""login"";s:2:""do"";s:14:""login-complete"";}s:4:""post"";a:3:{s:7:""qstring"";s:0:"""";s:8:""username"";s:17:""Alexander Slavros"";s:8:""password"";s:22:""*********************1"";}}"
5461,5.228.77.158,"Alexander Slavros",1458621387,1,"a:2:{s:3:""get"";a:4:{s:6:""adsess"";s:0:"""";s:3:""app"";s:4:""core"";s:6:""module"";s:5:""login"";s:2:""do"";s:14:""login-complete"";}s:4:""post"";a:3:{s:7:""qstring"";s:0:"""";s:8:""username"";s:17:""Alexander Slavros"";s:8:""password"";s:22:""*********************1"";}}"
5462,67.227.215.137,"alexander slavros",1458672350,1,"a:2:{s:3:""get"";a:4:{s:6:""adsess"";s:0:"""";s:3:""app"";s:4:""core"";s:6:""module"";s:5:""login"";s:2:""do"";s:14:""login-complete"";}s:4:""post"";a:3:{s:7:""qstring"";s:0:"""";s:8:""username"";s:17:""alexander slavros"";s:8:""password"";s:9:""********1"";}}"
5463,67.227.215.137,"alexander slavros",1458773104,1,"a:2:{s:3:""get"";a:4:{s:6:""adsess"";s:0:"""";s:3:""app"";s:4:""core"";s:6:""module"";s:5:""login"";s:2:""do"";s:14:""login-complete"";}s:4:""post"";a:3:{s:7:""qstring"";s:0:"""";s:8:""username"";s:17:""alexander slavros"";s:8:""password"";s:9:""********1"";}}"
5464,67.227.215.137,"alexander slavros",1458843881,1,"a:2:{s:3:""get"";a:4:{s:6:""adsess"";s:0:"""";s:3:""app"";s:4:""core"";s:6:""module"";s:5:""login"";s:2:""do"";s:14:""login-complete"";}s:4:""post"";a:3:{s:7:""qstring"";s:0:"""";s:8:""username"";s:17:""alexander slavros"";s:8:""password"";s:9:""********1"";}}"
